line_id,mean_margin,skewness,has_numeric,num_median_norm,numeric_count_norm,num_above,num_margin,digit_char_frec,has_digit,area_norm,norm_wid,width_rel,bbox_width_inv,bbox_w_dif,ratio_area_norm,area_inv,area_dif,aspcrat_inv_norm,perimeter_norm,perimeter_inv,perimeter_dif,diag_inv,diag_dif,diag_norm,angle_inv,compact,prev_xmin_align,prev_xmax_align,next_xmin_align,next_xmax_align,align_prev,align_next,center_aling
line_0011,0.676923077,0.284159292,1,2.5,0.833333333,1,0.825396825,0.833333333,1,0.707582833,0.96191052,0.773832685,1.021181001,0.978818999,0.707582833,1.056060298,0.943939702,0.836148226,0.964475816,1.02848329,0.97151671,1.021515035,0.978484965,0.962034579,0.953654835,0.919279169,0.955359374,0.99796886,0.996419002,0.998209493,0.977221603,0.999123672,0.989506332
line_0012,1,-0.047564475,1,2.5,0.833333333,1,0.825396825,0.666666667,1,0.670021242,0.956469166,0.769455253,1.015404365,0.984595635,0.670021242,1,1,0.843075833,0.957171372,1.020694087,0.979305913,1.0156408,0.9843592,0.956502387,0.913391973,0.956165023,0.996176284,0.998088132,0.998310179,1,0.999066667,0.999172439,0.990521753
line_0013,0.543589744,0.666235111,1,3,1,1,1,0.944444444,1,0.690486315,0.95828295,0.770914397,1.01732991,0.98267009,0.690486315,1.030543917,0.969456083,0.838894354,0.9601044,1.023821765,0.976178235,1.017624178,0.982375822,0.958370278,0.937695405,0.933520515,0.998209493,1,0.99840553,1,0.999123672,0.999217068,0.989506332
line_0014,0.856410256,0.149366885,1,3,1,1,1,0.777777778,1,0.63887621,0.960096735,0.772373541,1.019255456,0.980744544,0.63887621,0.953516351,0.953516351,0.851498808,0.958545476,1.022159383,0.977840617,1.019381557,0.980618443,0.960025328,0.86442814,1.005659011,0.998310179,1,0.995448024,0.998482661,0.999172439,0.998512433,0.988490945
line_0015,1,-0.150406144,1,2,0.666666667,1,0.492063492,0.611111111,1,0.74101197,0.967351874,0.778210117,1.026957638,0.973042362,0.74101197,1.10595295,0.89404705,0.830332181,0.971501306,1.035975028,0.964024972,1.027378048,0.972621952,0.967556202,0.987451392,0.890642831,0.995216637,0.99840553,1,0.998557397,0.998434138,0.999291522,0.98646028
line_0016,1,-0.105322719,1,2,0.666666667,1,0.492063492,0.611111111,1,0.703575985,0.965538089,0.776750973,1.025032092,0.974967908,0.703575985,1.050080117,0.949919883,0.838297999,0.96753397,1.0317444,0.9682556,1.025336958,0.974663042,0.96563396,0.941161289,0.930386627,1,0.998482661,1,1,0.999256216,1,0.985445009
line_0017,0.832007073,0.227297035,1,2.5,0.833333333,1,0.825396825,0.777777778,1,0.747632925,0.965538089,0.776750973,1.025032092,0.974967908,0.747632925,1.11583466,0.88416534,0.828172447,0.970261514,1.034652956,0.965347044,1.025483776,0.974516224,0.965772229,1,0.880503757,1,1,0.996063668,0.99868788,1,0.997417975,0.985445009
line_0018,0.978243978,-0.025858362,1,2,0.666666667,1,0.492063492,0.777777778,1,0.695944957,0.96191052,0.773832685,1.021181001,0.978818999,0.695944957,1.038690886,0.961309114,0.838843157,0.963752604,1.027712082,0.972287918,1.021477098,0.978522902,0.961998851,0.937992953,0.933250559,0.995873015,0.998624328,0.998743836,0.997487679,0.99729822,0.999381897,0.989506332
line_0019,0.487179487,0.600944314,1,3,1,1,1,0.944444444,1,0.713866424,0.956469166,0.769455253,1.015404365,0.984595635,0.713866424,1.065438495,0.934561505,0.832806952,0.959911543,1.02361611,0.97638389,1.015784144,0.984215856,0.956637385,0.973071387,0.902583718,0.99868788,0.997375768,0.654329541,0.964308469,0.999354492,0.838709533,0.988490945
line_0012,0.3453125,0.652381595,1,6,1,1,1,0.95,1,0.722545364,0.99030303,0.794747082,1.361099542,0.638900458,0.722545364,1.480877288,0.519122712,0.956153951,0.991593822,1.352894096,0.647105904,1.360673603,0.639326397,0.990363971,0.777477277,0.95201622,0.987537048,0.998032016,0.993025858,0.996512866,0.992954312,0.994887302,0.956709545
line_0013,0.14,1.015952802,1,4,0.666666667,1,0.722222222,0.8,1,0.766607795,0.993939394,0.79766537,1.366097459,0.633902541,0.766607795,1.571184494,0.428815506,0.953819887,0.99756324,1.36103855,0.63896145,1.365827318,0.634172682,0.994115093,0.818801926,0.908133059,0.992577524,0.996288685,0.998355829,0.998355829,0.994559457,1,0.950635746
line_0014,0.014285714,1.09247459,1,6,1,1,1,0.85,1,0.685591075,0.997575758,0.800583658,1.371095377,0.628904623,0.685591075,1.405138421,0.594861579,0.959000841,0.99602576,1.358940869,0.641059131,1.370484735,0.629515265,0.997504987,0.7270605,1.012320026,0.998256425,0.998256425,0.976092984,0.998440403,1,0.987509624,0.950635746
line_0015,0.904,0.243453524,1,4,0.666666667,1,0.722222222,0.55,1,0.713181444,0.971515152,0.779669261,1.335276968,0.664723032,0.713181444,1.461685667,0.538314333,0.955032117,0.973875278,1.328719567,0.671280433,1.334932044,0.665067956,0.97162802,0.79734056,0.930354559,0.974797348,0.998355829,0.994076737,1,0.9868291,0.997089157,0.967180856
line_0016,0.631666667,0.390642849,1,5,0.833333333,1,1,0.8,1,0.662682503,0.964242424,0.773832685,1.325281133,0.674718867,0.662682503,1.358186651,0.641813349,0.957583523,0.964115804,1.3154041,0.6845959,1.324776802,0.675223198,0.964236545,0.752162058,0.981284056,0.993761726,1,0.602725484,0.953985337,0.996940908,0.813895911,0.971237361
line_0011,1,-0.138894247,1,3,1,1,1,0.692307692,1,0.97672821,0.985507246,0.727626459,1.249791145,0.750208855,0.97672821,1.292984005,0.707015995,0.871733597,0.988284651,1.237936277,0.762063723,1.249190982,0.750809018,0.98562762,0.816844881,1.007685388,0.998057627,0.965058578,1,0.987867982,0.981950684,0.994034207,0.859235585
line_0012,1,-0.144472617,1,2,0.666666667,1,0.608695652,0.692307692,1,0.937415705,1,0.738326848,1.268170426,0.731829574,0.937415705,1.240942465,0.759057535,0.880438583,1,1.252611052,0.747388948,1.267406632,0.732593368,1,0.76147053,1.074984905,1,0.987260336,0.99841953,0.943719166,0.993746792,0.971508009,0.866473928
line_0013,0.928571429,0.385756695,1,3,1,1,1,0.923076923,1,0.897596376,0.931488801,0.687743191,1.18128655,0.81871345,0.897596376,1.188229997,0.811770003,0.86805752,0.935222565,1.171470122,0.828529878,1.180783215,0.819216785,0.931653019,0.840225077,0.981936615,0.998345514,0.94109241,1,0.9969793,0.970183764,0.998512486,0.830517635
line_0014,1,0.034443037,1,3,1,1,1,0.692307692,1,0.875104185,0.93544137,0.690661479,1.186299081,0.813700919,0.875104185,1.158455037,0.841544963,0.872448537,0.937861157,1.174775251,0.825224749,1.185717132,0.814282868,0.935545942,0.812297503,1.012865851,1,0.996839071,1,0.990815305,0.998445262,0.995481155,0.832462892
line_0015,1,-0.046406392,1,3,1,1,1,0.692307692,1,0.980271404,0.947957839,0.699902724,1.202172097,0.797827903,0.980271404,1.297674454,0.702325546,0.860867972,0.953964108,1.194945985,0.805054015,1.201792411,0.798207589,0.948229543,0.885943794,0.935518385,1,0.990434845,0.998609181,0.992582494,0.995289586,0.997032925,0.838635668
line_0016,1,0.038821106,1,3,1,1,1,0.769230769,1,0.966918395,0.93544137,0.690661479,1.186299081,0.813700919,0.966918395,1.27999786,0.72000214,0.859066089,0.941914035,1.17985193,0.82014807,1.185958275,0.814041725,0.935736207,0.897400459,0.924628562,0.998549725,0.992265425,0.872857282,0.813433481,0.996908142,0.969543219,0.834410101
line_0011,0.420967742,0.578591974,1,1.4,1,1,1,0.947368421,1,0.636442858,0.966727163,0.777237354,1.00250941,0.99749059,0.636442858,1.076706013,0.923293987,0.812276246,0.972614636,1.007496701,0.992503299,1.002788501,0.997211499,0.967022237,1.042352576,0.862514043,0.959220447,0.997232993,0.998174741,1,0.978759766,0.99910794,0.929760911
line_0012,0.690384615,0.315255728,1,1,0.714285714,1,0.548571429,0.631578947,1,0.587934078,0.964912281,0.77577821,1.000627353,0.999372647,0.587934078,0.994640994,0.994640994,0.825931326,0.967345994,1.002039103,0.997960897,1.000722099,0.999277901,0.965029537,0.966649946,0.923589595,0.99804637,1,0.998280312,1,0.999048556,0.999158987,0.930769078
line_0013,0.695,0.27353833,1,1,0.714285714,1,0.548571429,0.789473684,1,0.607107427,0.966727163,0.777237354,1.00250941,0.99749059,0.607107427,1.027077622,0.972922378,0.820928959,0.970429018,1.005232698,0.994767302,1.002670192,0.997329808,0.966908148,0.994385871,0.900131569,0.998174741,1,1,1,0.99910794,1,0.929760911
line_0014,0.761538462,0.169318044,1,1,0.714285714,1,0.548571429,0.631578947,1,0.604193312,0.966727163,0.777237354,1.00250941,0.99749059,0.604193312,1.02214765,0.97785235,0.8217885,0.970211904,1.005007797,0.994992203,1.002658744,0.997341256,0.966897107,0.989620354,0.904068369,1,1,1,1,1,1,0.929760911
line_0015,0.960714286,0.016269609,1,1,0.714285714,1,0.548571429,0.631578947,1,0.595450965,0.966727163,0.777237354,1.00250941,0.99749059,0.595450965,1.007357732,0.992642268,0.824367123,0.96956056,1.004333093,0.995666907,1.002624728,0.997375272,0.966864305,0.975323154,0.916110518,1,1,1,0.998535464,1,0.999281536,0.929760911
line_0016,0.52826087,0.426581238,1,1,0.714285714,1,0.548571429,0.631578947,1,0.6128351,0.968542045,0.778696498,1.004391468,0.995608532,0.6128351,1.036767447,0.963232553,0.819916331,0.972507113,1.007385322,0.992614678,1.004566135,0.995433865,0.968736468,1,0.895541946,1,0.998459565,0.998607244,0.998607244,0.999244642,1,0.930769078
line_0017,0.454545455,0.535644172,1,1,0.714285714,1,0.548571429,0.631578947,1,0.591424452,0.964912281,0.77577821,1.000627353,0.999372647,0.591424452,1.000545855,0.999454145,0.824897937,0.967606531,1.002308984,0.997691016,1.000735526,0.999264474,0.965042485,0.972379932,0.918633537,0.998535464,0.998535464,0.998671539,0.99822872,1,0.998476938,0.930769078
line_0018,0.460869565,0.43783362,1,1,0.714285714,1,0.548571429,0.631578947,1,0.616246104,0.96430732,0.775291829,1,1,0.616246104,1.042538033,0.957461967,0.817320037,0.968909217,1.00365839,0.99634161,1.000208926,0.999791074,0.964534667,1.014393467,0.88400756,0.998607244,0.998142993,1,1,0.998403378,1,0.928417012
line_0019,1,-0.059333633,1,1,0.714285714,1,0.548571429,0.684210526,1,0.56198544,0.96430732,0.775291829,1,1,0.56198544,0.950742231,0.950742231,0.833405066,0.964856415,0.999460237,0.999460237,1,1,0.964333192,0.925204686,0.961267598,1,1,0.997567058,1,1,0.998801234,0.928417012
line_0020,0.541071429,0.48218629,1,1,0.714285714,1,0.548571429,0.789473684,1,0.56687964,0.967937084,0.778210117,1.003764115,0.996235885,0.56687964,0.959022023,0.959022023,0.833212209,0.968537021,1.003272846,0.996727154,1.003766516,0.996233484,0.967965369,0.926274258,0.960252801,0.997460863,1,0.994926697,0.998438965,0.99874961,0.996731541,0.926401906
line_0021,0.651666667,0.299866624,1,1.2,0.857142857,1,0.834285714,0.789473684,1,0.591101796,0.962492438,0.773832685,0.998117942,0.998117942,0.591101796,1,1,0.824112376,0.96537749,1,1,0.998236079,0.998236079,0.962632185,0.976735643,0.914905098,0.994728684,0.998378036,0.998497513,1,0.996603514,0.999259619,0.93211364
line_0022,0.403703704,0.52846754,1,1.2,0.857142857,1,0.834285714,0.789473684,1,0.605967676,0.964912281,0.77577821,1.000627353,0.999372647,0.605967676,1.025149442,0.974850558,0.820592148,0.968692103,1.003433489,0.996566511,1.000792325,0.999207675,0.965097258,0.996253206,0.898599248,0.998438965,1,0.998915108,0.998553478,0.999230947,0.998751589,0.930769078
line_0023,0.974137931,-0.033698367,1,1,0.714285714,1,0.548571429,0.631578947,1,0.593960474,0.96430732,0.775291829,1,1,0.593960474,1.004836186,0.995163814,0.823926388,0.967244673,1.001934149,0.998065851,1.000120794,0.999879206,0.964449678,0.977766882,0.91402724,0.998873134,0.998497513,0.69197271,0.97045283,0.998704335,0.856356442,0.928417012
line_0006,0.886574074,0.514901274,1,1.25,1,1,0.693333333,0.764705882,1,0.758917458,0.970996217,0.749027237,1.070559611,0.929440389,0.758917458,1.049802916,0.950197084,0.867104324,0.971623253,1.066138776,0.933861224,1.069808657,0.930191343,0.971025399,0.847219288,0.970871794,0.995031117,0.833416497,0.99645811,0.997638731,0.921731718,0.999439776,0.886320606
line_0007,0.939732143,0.446358899,1,1.25,1,1,0.693333333,0.764705882,1,1,0.974148802,0.751459144,1.074035454,0.925964546,1,1.383289981,0.616710019,0.826019417,0.987752286,1.083836775,0.916163225,1.074055666,0.925944334,0.974880251,1.10860562,0.761476866,0.996102479,0.997401642,0.996813853,0.96179396,0.999378386,0.980137814,0.885988653
line_0008,0.884615385,0.613008848,1,1.25,1,1,0.693333333,0.764705882,1,0.86034354,0.95334174,0.73540856,1.051094891,0.948905109,0.86034354,1.190104599,0.809895401,0.843711844,0.961186821,1.05468713,0.94531287,1.050763865,0.949236135,0.953739152,0.996091076,0.838116402,0.99645811,0.957535387,0.997071755,0.975605115,0.978156473,0.989678575,0.873072863
line_0009,0.551724138,0.804503644,1,1.25,1,1,0.693333333,0.941176471,1,0.869479711,0.935687264,0.721789883,1.03163017,0.96836983,0.869479711,1.202742573,0.797257427,0.836035662,0.945715456,1.037710775,0.962289225,1.031450144,0.968549856,0.936208808,1.044916763,0.802827331,0.996813853,0.973457996,1,0.909315383,0.988794183,0.955898028,0.865814999
line_0010,1,-0.104300069,1,1,0.8,1,0.293333333,0.647058824,1,0.79286705,1,0.771400778,1.102537365,0.897462635,0.79286705,1.096765046,0.903234954,0.869096351,1,1.097275896,0.902724104,1.101730869,0.898269131,1,0.8345367,0.98437428,1,0.900929041,0.995026484,0.94454717,0.952198274,0.975445297,0.899629273
line_0011,0.564655172,0.800352858,1,1.25,1,1,0.693333333,0.941176471,1,0.761369537,0.953972257,0.735894942,1.051790059,0.948209941,0.761369537,1.053194852,0.946805148,0.861874015,0.956205796,1.049221572,0.950778428,1.051137474,0.948862526,0.954078264,0.88051528,0.937276816,0.994643617,0.940292912,0.995311178,0.936826642,0.973608803,0.967261534,0.879357524
line_0012,0.966517857,0.416250526,1,1.25,1,1,0.693333333,0.764705882,1,0.989555105,0.90668348,0.699416342,0.999652416,0.999652416,0.989555105,1.368841663,0.631158337,0.801262437,0.926621528,1.016759468,0.983240532,1.000197866,0.999802134,0.907842281,1.265912496,0.677213202,0.995026484,0.933007537,0.997820301,0.975304216,0.964990269,0.986915355,0.850710258
line_0013,1,0.41907982,1,1,0.8,1,0.293333333,0.823529412,1,0.781892433,0.926229508,0.714494163,1.021202642,0.978797358,0.781892433,1.081583969,0.918416031,0.849526104,0.932105687,1.022777103,0.977222897,1.020776973,0.979223027,0.926521169,0.959099516,0.867249249,0.99765557,0.97343909,0.995896468,0.922945941,0.986070629,0.96041156,0.862852007
line_0014,1,0.074559356,1,1,0.8,1,0.293333333,0.647058824,1,0.88875341,0.99369483,0.766536965,1.09558568,0.90441432,0.88875341,1.229403688,0.770596312,0.851397334,0.999396239,1.096613404,0.903386596,1.095093975,0.904906025,0.993975939,0.947192764,0.877111427,0.995640632,0.918173121,1,0.941121661,0.957950573,0.971134188,0.902297713
line_0015,0.670833333,0.584813492,1,1,0.8,1,0.293333333,0.882352941,1,0.698398473,0.935687264,0.721789883,1.03163017,0.96836983,0.698398473,0.966087611,0.966087611,0.86829774,0.935929504,1.026972885,0.973027115,1.030887907,0.969112093,0.935698487,0.83962129,0.978911932,1,0.937202839,1,0.959378217,0.969384158,0.980096055,0.871751696
line_0016,0.475,0.931970265,1,0.75,0.6,-1,-0.106666667,0.764705882,1,0.700462321,0.893442623,0.689202335,0.985053876,0.985053876,0.700462321,0.96894251,0.96894251,0.855121872,0.897490081,0.984794233,0.984794233,0.984550256,0.984550256,0.89363953,0.923491055,0.89750146,1,0.957086262,1,0.979234677,0.978974046,0.989823642,0.849728659
line_0017,0.5546875,0.8882817,1,1.25,1,1,0.693333333,0.764705882,1,0.695997114,0.87074401,0.671692607,0.960027807,0.960027807,0.695997114,0.962765835,0.962765835,0.848442361,0.87657409,0.96184362,0.96184362,0.959645591,0.959645591,0.871034495,0.965995084,0.861649117,1,0.97816055,1,0.967569771,0.989303836,0.98408618,0.837984994
line_0018,-0.552884615,-0.188368994,1,0.75,0.6,-1,-0.106666667,0.529411765,1,0.720367012,0.907944515,0.700389105,1.001042753,0.998957247,0.720367012,0.99647647,0.99647647,0.855726496,0.911879708,1.000583624,0.999416376,1.000520959,0.999479041,0.908135542,0.919643154,0.90091105,1,0.965980307,1,0.99157291,0.983323537,0.995876931,0.857265338
line_0019,1,0.174980922,1,1,0.8,1,0.293333333,0.647058824,1,0.84499652,0.897856242,0.692607004,0.989920056,0.989920056,0.84499652,1.16887522,0.83112478,0.826941598,0.910125927,0.998659243,0.998659243,0.989920593,0.989920593,0.898513985,1.102742922,0.765083225,1,0.991201074,0.998488449,0.994961555,0.995683881,0.996794437,0.852019742
line_0020,0.985,0.386651307,1,1,0.8,1,0.293333333,0.647058824,1,0.866759131,0.893442623,0.689202335,0.985053876,0.985053876,0.866759131,1.198979222,0.801020778,0.820726345,0.90745213,0.99572535,0.99572535,0.985177593,0.985177593,0.894208941,1.142251774,0.741497432,0.998419867,0.994732955,1,0.993713097,0.996649997,0.996925275,0.847766832
line_0021,0.694444444,0.669728767,1,1.25,1,1,0.693333333,0.823529412,1,0.92371706,0.885245902,0.682879377,0.976016684,0.976016684,0.92371706,1.277768554,0.722231446,0.80539119,0.903527687,0.991419152,0.991419152,0.97645876,0.97645876,0.886295181,1.239689909,0.689770463,1,0.993450079,0.997225016,0.939063579,0.996794437,0.968702704,0.84352237
line_0022,1,-0.085006434,1,0.75,0.6,-1,-0.106666667,0.647058824,1,0.901418969,0.964691047,0.744163424,1.063607925,0.936392075,0.901418969,1.246923829,0.753076171,0.840080442,0.973765166,1.068489045,0.931510955,1.063342727,0.936657273,0.965156516,1.019190945,0.820998575,0.997098307,0.936292175,1,0.934989074,0.967377827,0.967965864,0.888977684
line_0023,0.987980769,0.44095694,1,1.25,1,1,0.693333333,0.705882353,1,0.725461432,0.872005044,0.67266537,0.961418144,0.961418144,0.725461432,1.00352353,0.99647647,0.842482897,0.879528204,0.965085099,0.965085099,0.961136542,0.961136542,0.872387775,1.003908924,0.832234739,1,0.932169227,0.998720683,0.965904696,0.966663774,0.982562929,0.840588942
line_0024,1,0.027450931,1,0.75,0.6,-1,-0.106666667,0.529411765,1,0.719122302,0.920554855,0.710116732,1.014946124,0.985053876,0.719122302,0.994754675,0.994754675,0.859894626,0.923300845,1.013115763,0.986884237,1.014348341,0.985651659,0.92068614,0.893114587,0.92521856,0.998670435,0.964567164,1,0.997534479,0.981906375,0.998784086,0.867792323
line_0025,1,-0.044776346,1,0.75,0.6,-1,-0.106666667,0.588235294,1,0.703250866,0.924337957,0.713035019,1.019117136,0.980882864,0.703250866,0.972799878,0.972799878,0.864106062,0.925833285,1.015894548,0.984105452,1.018449203,0.981550797,0.92440834,0.866306795,0.951296573,1,0.997441373,0.998809255,0.990474463,0.998739298,0.995889181,0.869771227
line_0026,0.841517857,0.579729436,1,1.25,1,1,0.693333333,0.823529412,1,0.712068606,0.907313997,0.699902724,1.000347584,0.999652416,0.712068606,0.984997369,0.984997369,0.857190204,0.910815939,0.999416376,0.999416376,0.999802134,0.999802134,0.907483091,0.910327617,0.909285012,0.998767237,0.990138367,1,0.998077244,0.995744336,0.999053133,0.862852007
line_0027,0.863425926,0.522353198,1,1,0.8,1,0.293333333,0.764705882,1,0.818716374,0.910466583,0.70233463,1.003823427,0.996176573,0.818716374,1.132522157,0.867477843,0.836936471,0.919958599,1.009448397,0.990551603,1.003631362,0.996368638,0.910958738,1.03918773,0.806795966,1,0.998015427,0.896327145,0.830917376,0.999021226,0.96671496,0.864497662
line_0005,1,0.28182073,1,3,1,1,1,0.923076923,1,1,1,0.780880773,1.918205805,0.081794195,1,2.315075971,-0.315075971,0.960398456,1,1.867647059,0.132352941,1.914830119,0.085169881,1,0.629919554,0.912782865,0.974265951,0.93479254,0.91828802,0.16161391,0.981117627,0.424947262,0.813802779
line_0006,0,0,-1,1,0.333333333,-1,0,0.076923077,-1,0.031067007,0.035075653,0.027389903,0.067282322,0.067282322,0.031067007,0.071922482,0.071922482,0,0.074146982,0.138480392,0.138480392,0.105602596,0.105602596,0.055149851,11.55501807,0.161530677,0.908299802,0.134529233,0.937739174,0.50731951,0.383863032,0.761571497,0.314702988
line_0013,0.860294118,0.544836708,1,3,1,1,1,0.846153846,1,1,0.975,0.815661479,1.260902256,0.739097744,1,1.414614827,0.585385173,0.947435897,0.978037253,1.254188948,0.745811052,1.260533521,0.739466479,0.975149794,0.867428339,0.900004654,0.889164911,0.410711686,0.976329417,0.983573128,0.710425764,0.996437077,0.917345405
line_0014,1,-0.444311631,1,2,0.666666667,1,0.472222222,0.615384615,1,0.82299984,0.926744186,0.775291829,1.198496241,0.801503759,0.82299984,1.164227776,0.835772224,0.952117315,0.925771476,1.187165775,0.812834225,1.197902545,0.802097455,0.926698418,0.790281186,0.97980985,0.975238675,0.98281594,0.924898884,0.567773276,0.996285841,0.805220291,0.922374412
line_0015,1,-0.362983667,-1,1,0.333333333,-1,-0.194444444,0.230769231,1,0.215788938,0.233139535,0.195038911,0.301503759,0.301503759,0.215788938,0.305258231,0.305258231,0.801620948,0.26410898,0.338680927,0.338680927,0.306139148,0.306139148,0.236829503,3.239867844,0.304138303,0.921958964,0.554084399,0.994650099,0.572069553,0.797848254,0.775412306,0.651311666
line_0016,0.57486631,0.762200847,1,3,1,1,1,0.846153846,1,0.748687406,0.85755814,0.717412451,1.109022556,0.890977444,0.748687406,1.059104306,0.940895694,0.949128814,0.858938004,1.101461676,0.898538324,1.108614436,0.891385564,0.857625062,0.839533655,0.927165088,0.994421286,0.557294163,1,0.998277721,0.766677484,0.999153469,0.983414603
line_0017,1,-0.031284593,1,3,1,1,1,0.846153846,1,0.862214029,0.859883721,0.719357977,1.112030075,0.887969925,0.862214029,1.219700749,0.780299251,0.941731463,0.866926142,1.111705288,0.888294712,1.112008214,0.887991786,0.860250492,0.961389669,0.82013071,1,0.998216677,0.997506242,0.530326175,0.999121999,0.747835964,0.984768186
line_0018,0.088235294,0.744605389,-1,1,0.333333333,-1,-0.194444444,0.230769231,1,0.108068997,0.112209302,0.093871595,0.145112782,0.145112782,0.108068997,0.152876005,0.152876005,0.57111399,0.150125104,0.192513369,0.192513369,0.156003391,0.156003391,0.120684355,6.739680916,0.196218289,0.997416586,0.517321456,0.998798078,0.545662588,0.739676028,0.755717009,0.592284739
line_0019,0.936061381,0.40622964,1,3,1,1,1,0.769230769,1,0.778768707,0.850581395,0.711575875,1.1,0.9,0.778768707,1.10165776,0.89834224,0.94621326,0.854156241,1.095329768,0.904670232,1.099740037,0.900259963,0.850759819,0.887571436,0.881454919,0.998753118,0.532331726,0.997671567,1,0.747465312,0.998852371,0.985445009
line_0020,1,0.242192757,1,3,1,1,1,0.769230769,1,0.795849877,0.854069767,0.714494163,1.104511278,0.895488722,0.795849877,1.125821036,0.874178964,0.94548162,0.858215179,1.100534759,0.899465241,1.104288012,0.895711988,0.854278137,0.899624211,0.870753423,0.997596161,1,0.950875975,0.988361967,0.998815447,0.970013492,0.983414603
line_0021,1,-0.321203754,1,2,0.666666667,1,0.472222222,0.615384615,1,0.832911558,0.912209302,0.763132296,1.179699248,0.820300752,0.832911558,1.178249039,0.821750961,0.949984066,0.912983041,1.170766488,0.829233512,1.179221192,0.820778808,0.912246508,0.825439815,0.941587085,0.949227975,0.987970601,0.952279084,0.578092246,0.969028858,0.798540682,0.928752951
Promedio:,0.75233836,0.299834967,0.909090909,1.917424242,0.82005772,0.757575758,0.608616601,0.719881978,0.96969697,0.730233961,0.907204186,0.716445617,1.048859094,0.871418472,0.730233961,1.105131206,0.811074936,0.84526574,0.912844966,1.050575036,0.875669752,1.04946706,0.872432112,0.907897496,1.21422012,0.873039626,0.990734437,0.932064165,0.973643952,0.926254583,0.961778179,0.955144626,0.893569322
Mediana:,0.885594729,0.307561176,1,1.25,0.816666667,1,0.693333333,0.764705882,1,0.721456188,0.959189843,0.75729572,1.021181001,0.970706096,0.721456188,1.071072254,0.900788597,0.843393838,0.96064561,1.025397325,0.965216071,1.021127035,0.970867022,0.959197803,0.939577121,0.911033939,0.998232959,0.99551082,0.998333004,0.992077702,0.995714109,0.995883056,0.919859909
Diferencia:,0.13325637,0.007726209,0.090909091,-0.667424242,-0.003391053,0.242424242,0.084716733,0.044823904,0.03030303,-0.008777773,0.051985657,0.040850102,-0.027678092,0.099287624,-0.008777773,-0.034058951,0.089713661,-0.001871902,0.047800645,-0.025177711,0.08954632,-0.028340025,0.098434911,0.051300307,-0.274642998,0.037994313,0.007498522,0.063446655,0.024689052,0.065823119,0.03393593,0.040738431,0.026290587
